t,equity,drawdown
0,1.006585748340571,-9.935385847370526e-13
1,1.0060374962378702,-0.000544665076576023
2,1.006204253262549,-0.0003789990864171422
3,1.0044097809008323,-0.0021617308255394985
4,1.0106317714554287,-9.89541781848402e-13
5,1.0117706363295473,-9.884315588237769e-13
6,1.0115516754149785,-0.00021641358990520665
7,1.0118016570470558,-9.884315588237769e-13
8,1.0111333048737858,-0.000660556512844579
9,1.0146701394008326,-9.85656001262214e-13
10,1.015059065552655,-9.85211912052364e-13
11,1.0159696514772065,-9.843237336326638e-13
12,1.016931903609106,-9.834355552129637e-13
13,1.0156792146547526,-0.0012318316997493861
14,1.0125964900454887,-0.004263228982419265
15,1.0191397216713105,-9.813261314661759e-13
16,1.018193641032043,-0.0009283129880516272
17,1.0148616910419184,-0.0041976880494584146
18,1.0154377594559363,-0.003632438357225154
19,1.017458670960293,-0.0016494801215863886
20,1.0186865496987871,-0.00044466128037856656
21,1.0186617226612409,-0.000469022059394697
22,1.0184232543760499,-0.0007030118452110434
23,1.0180708459208514,-0.001048801973595248
24,1.0186970878700372,-0.00043432101885609864
25,1.0191127423934132,-2.6472600688220993e-05
26,1.0163143820855645,-0.0027722789394470926
27,1.0162607002537678,-0.002824952611815146
28,1.0154584282999748,-0.003612157679709682
29,1.017006389173632,-0.0020932679330543102
30,1.0169472203887504,-0.002151325512033342
31,1.0185738157763073,-0.0005552780290759562
32,1.0167760049053611,-0.0023193255219911
33,1.017710375198724,-0.0014025029573385694
34,1.0203033319042993,-9.802159084415507e-13
35,1.0196912996889114,-0.0005998531978183008
36,1.015571241586503,-0.0046379249884049845
37,1.0114014575565728,-0.008724733194885648
38,1.0199409868912415,-0.0003551345984348364
39,1.0202649469956262,-3.7621076470983894e-05
40,1.0207200544276476,-9.797718192317006e-13
41,1.0215260476524177,-9.78994663114463e-13
42,1.023541886293539,-9.771072839726003e-13
43,1.0205765893397123,-0.002897093899656533
44,1.030796207979678,-9.702239012199243e-13
45,1.028549654461283,-0.0021794351803019474
46,1.0265794246578321,-0.004090802129653293
47,1.027749871069878,-0.002955324134115478
48,1.0282379448332746,-0.0024818321289861167
49,1.030389995364285,-0.0003940765529093504
50,1.0289397852803,-0.0018009599627988315
51,1.0266551133624093,-0.004017374711128507
52,1.02400436320513,-0.006588930695479722
53,1.0225392828988265,-0.00801024006289941
54,1.0290196030103314,-0.0017235268781470303
55,1.0282758719238896,-0.002445038153298773
56,1.0264612448271337,-0.004205451203624921
57,1.0305406889605344,-0.0002478850990771386
58,1.0328504700071368,-9.68225499775599e-13
59,1.03335460181509,-9.67781410565749e-13
60,1.0319299784551341,-0.001378639392956016
61,1.0303717007986724,-0.0028866189903983264
62,1.029996686110512,-0.0032495289609942857
63,1.0301676001098348,-0.003084131720761052
64,1.029792069711458,-0.003447540755488143
65,1.0327638177453466,-0.0005717147528111477
66,1.0321846863092132,-0.0011321529945488296
67,1.0326883548675143,-0.0006447418411887895
68,1.0339579871723632,-9.672262990534364e-13
69,1.0335166261594877,-0.0004268655200219129
70,1.0331232816482039,-0.0008072915297471228
71,1.0338157650896755,-0.00013755112437063843
72,1.035532615932579,-9.657830091214237e-13
73,1.0374953446277517,-9.63895629979561e-13
74,1.0372730810419892,-0.0002142309244212992
75,1.0376221061605595,-9.637846076770984e-13
76,1.0371757489156692,-0.0004301732232185884
77,1.0386009732096504,-9.628964292573983e-13
78,1.0401284274372233,-9.614531393253856e-13
79,1.0380681296866194,-0.0019808109241647998
80,1.036026723349868,-0.003943459269215244
81,1.0438606202178848,-9.5812247025151e-13
82,1.0431353951565336,-0.0006947527747518389
83,1.0448122251618093,-9.5723429183181e-13
84,1.0425117022045227,-0.002201853024765388
85,1.050610720738025,-9.519052213136092e-13
86,1.0505294766812319,-7.733031482504149e-05
87,1.047339902517383,-0.003113254183567893
88,1.0468358031112452,-0.003593069776714808
89,1.047923412390361,-0.002557853537582311
90,1.0483330649326243,-0.002167935050956471
91,1.0446983899375335,-0.00562751805667161
92,1.043486499555106,-0.006781028446871118
93,1.048679671342851,-0.001838025596022641
94,1.0492215184457088,-0.0013222807133923542
95,1.0461655630331095,-0.004231022602538159
96,1.0424447619877297,-0.007772582736973455
97,1.040445781217667,-0.009675267271409327
98,1.044671338306307,-0.005653266538666379
99,1.0442465223659003,-0.006057617962101247
100,1.0411301592562112,-0.009023857548441039
101,1.0328116464167658,-0.016941645436226893
102,1.0382696444493782,-0.011746573727104193
103,1.0386431230422475,-0.011391086594242483
104,1.037321288989569,-0.012649244374841273
105,1.0348297619621631,-0.015020747899622933
106,1.0372349307256246,-0.012731442530866
107,1.0399846866506612,-0.010114149683233098
108,1.0404855480610768,-0.009637416102917795
109,1.0396462134257702,-0.010436317750062818
110,1.038130151853985,-0.0118793465921051
111,1.0367546290847742,-0.013188606760555666
112,1.039590989776441,-0.010488881128904337
113,1.0389893996080468,-0.011061491094250031
114,1.0347435630519715,-0.015102794378390128
115,1.0410653176665547,-0.009085575545770164
116,1.0401906810009625,-0.009918078630239968
117,1.0381315895174645,-0.011877978184710036
118,1.0378884203186634,-0.012109433274593462
119,1.03505075562569,-0.014810400090330189
120,1.0387785570254422,-0.011262176827264714
121,1.0379422746747986,-0.012058173226440427
122,1.037159438934853,-0.012803297680714865
123,1.0390003566038621,-0.01105106192614902
124,1.0392250555295757,-0.010837187347032318
125,1.0392027758554057,-0.01085839374987041
126,1.0422107652567532,-0.007995307221273396
127,1.0421380827569655,-0.008064488411178461
128,1.042715912926236,-0.007514493862422977
129,1.0415010298937173,-0.008670852738776436
130,1.0413890324264745,-0.008777454989288391
131,1.0402444655080405,-0.009866885066328601
132,1.0416728494818313,-0.008507310158520798
133,1.0393477953428099,-0.010720360237988724
134,1.0382139078644421,-0.011799625332076236
135,1.0411908523209625,-0.008966088230507041
136,1.0414647016605398,-0.008705430944062509
137,1.0411004683144556,-0.009052118198336956
138,1.0390048610648417,-0.011046774457069697
139,1.045065606306241,-0.005277991479930577
140,1.0447641575093545,-0.0055649186842088305
141,1.0440297405238828,-0.006263956844561047
142,1.0405480199864456,-0.009577953616827006
143,1.0385547515197524,-0.011475201024783277
144,1.0454477171650667,-0.004914287920388505
145,1.044903619454331,-0.005432174993112215
146,1.0421316549493116,-0.008070606574192563
147,1.047421505375127,-0.0030355823531429404
148,1.0472175491200033,-0.003229713491439523
149,1.0506047809776866,-5.65362719162632e-06
150,1.0492961296627306,-0.0012512637177068964
151,1.0507252606914141,-9.517941990111467e-13
152,1.0512068241277142,-9.513501098012966e-13
153,1.0490137526141714,-0.0020862417025884206
154,1.0475267533654478,-0.0035008056253027497
155,1.0459216131334894,-0.00502775559852886
156,1.0421180460113062,-0.008646041776737112
157,1.0504489238599024,-0.0007209811156239088
158,1.0495686535866415,-0.0015583712971332098
159,1.0548234305091961,-9.481304630298837e-13
160,1.054248066660255,-0.0005454598687317791
161,1.0548935598523124,-9.480194407274212e-13
162,1.0548678837572285,-2.4339987522048467e-05
163,1.053075949717262,-0.0017230270476797926
164,1.0521197110066924,-0.002629505906743601
165,1.0503237582239444,-0.004332002586122097
166,1.0487752069899645,-0.005799971766060175
167,1.0467966002577234,-0.007675617620336084
168,1.0473583017796038,-0.007143145394457151
169,1.0459917983512699,-0.008438540001401096
170,1.0469472433360114,-0.007532813565006569
171,1.0487154763478632,-0.005856594201132825
172,1.050271119127755,-0.004381902498485468
173,1.0514628222357267,-0.0032522121170810436
174,1.0492470709152129,-0.005352662252374296
175,1.0547351941943772,-0.00015012477558140613
176,1.0525707941279159,-0.0022018958251290854
177,1.0560438141904926,-9.470202400052585e-13
178,1.0550731404672078,-0.0009191604659206654
179,1.0545576226022648,-0.0014073200081814452
180,1.0552589817723421,-0.0007431816829981397
181,1.0564397547535833,-9.46687173097871e-13
182,1.0560810420157727,-0.0003395486938051473
183,1.0536658401085461,-0.002625719671711546
184,1.052310728354146,-0.003908435272200306
185,1.04953446593687,-0.006536377286670336
186,1.0519332828703005,-0.0042657159236967335
187,1.0518232511965198,-0.004369869211459321
188,1.0522512120449772,-0.003964771952925217
189,1.0534849838051006,-0.0027969138194436916
190,1.0532171961564154,-0.003050395049660537
191,1.0519708793268157,-0.004230128038683945
192,1.0542077413275568,-0.0021127692487727945
193,1.053874858155624,-0.0024278683071286
194,1.0534685224377158,-0.0028124957466768574
195,1.0514470386065775,-0.004725982835780074
196,1.0508638202977532,-0.005278043004094957
197,1.0490969234224714,-0.0069505443155324365
198,1.0472066466261682,-0.008739834038676508
199,1.0472041203274323,-0.008742225371191736
200,1.0487659756549743,-0.007263811367446804
201,1.0479483493981567,-0.008037756358761139
202,1.0482183190822543,-0.007782209667260176
203,1.0502084388252326,-0.005898411055913266
204,1.0502196925991436,-0.005887758509130259
205,1.0489871462944373,-0.007054456656524932
206,1.0453905856351369,-0.010458872898070126
207,1.0442257870768223,-0.011561442687849643
208,1.0493986111679467,-0.00666497408389588
209,1.0491316487350615,-0.006917674185045852
210,1.0519916508193374,-0.004210466252549616
211,1.0502930015896057,-0.005818366014071152
212,1.0469082799720575,-0.009022260606559751
213,1.0510269236747944,-0.005123653341734036
214,1.0504111490934473,-0.005706530480326877
215,1.0509217334787169,-0.005223223805268851
216,1.050812711349873,-0.005326421482517496
217,1.050940471924479,-0.005205486451408614
218,1.0516025170876468,-0.004578810713215087
219,1.049938015748455,-0.006154386917821664
220,1.0503744975952032,-0.005741223890982083
221,1.0504232166078225,-0.005695107666748744
222,1.05130552382097,-0.004859937266187053
223,1.0538370255259901,-0.002463679747831793
224,1.055602561011351,-0.0007924670947533352
225,1.05501703036417,-0.0013467160659283994
226,1.0540987574564822,-0.0022159307121540905
227,1.053636074317253,-0.002653895240795512
228,1.0550344526531885,-0.0013302245538093782
229,1.0528908329035447,-0.0033593225123027537
230,1.051307747938837,-0.004857831970682014
231,1.054574931310144,-0.0017651962036137059
232,1.0537680446770883,-0.0025289753300847817
233,1.0567804425953173,-9.463541061904834e-13
234,1.0573521828822712,-9.457989946781709e-13
235,1.0568714920153277,-0.00045461755858178243
236,1.0595605710449618,-9.43911615536308e-13
237,1.059100531010243,-0.0004341800254653583
238,1.05616140115385,-0.0032080939825425148
239,1.0586497901497436,-0.0008595836057954109
240,1.0572994305151588,-0.002134036120814642
241,1.0575897381471788,-0.001860047412709509
242,1.0559315295749931,-0.003425043900403213
243,1.0558094575977985,-0.0035402539039938175
244,1.056549614093651,-0.0028417034708441147
245,1.0577620841819355,-0.0016973893830826148
246,1.0563558665136454,-0.0030245600109042314
247,1.056073216695237,-0.0032913213704077737
248,1.0570907185189449,-0.002331015889520005
249,1.0580637325682059,-0.0014126974131157821
250,1.0586533759486083,-0.0008561993737252749
251,1.0602615685874839,-9.43245481721533e-13
252,1.0616818977675706,-9.420242363944453e-13
253,1.0598429515904244,-0.0017321065584817719
254,1.0617993966158041,-9.419132140919828e-13
255,1.0626078060893571,-9.411360579747452e-13
256,1.0614590214510142,-0.0010810993790547618
257,1.0618498295807004,-0.0007133172797267884
258,1.062462739453077,-0.00013651945378978514
259,1.0638189056295746,-9.401368572525826e-13
260,1.063387779231892,-0.0004052629600779234
261,1.0628624921207355,-0.000899037895244259
262,1.0645073800047313,-9.394707234378075e-13
263,1.0636444216533,-0.0008106645088986619
264,1.063834485863147,-0.000632117874636795
265,1.0616291001874907,-0.0027038608395794084
266,1.0581471297345024,-0.005974829663646597
267,1.0651475253109182,-9.389156119254949e-13
268,1.0643330514037126,-0.0007646583115020755
269,1.065878616167494,-9.382494781107198e-13
270,1.0659539250147767,-9.382494781107198e-13
271,1.0691634358989004,-9.353628982466944e-13
272,1.068495825565219,-0.0006244230884303592
273,1.0696914638093633,-9.349188090368443e-13
274,1.0678373126104004,-0.0017333514033647246
275,1.0679080028907004,-0.0016672666652027823
276,1.0679858603394847,-0.001594481706718609
277,1.0681515143286358,-0.0014396202398794244
278,1.0671988217471082,-0.002330243951256805
279,1.067104136625305,-0.00241876024310983
280,1.069011270115157,-0.0006358783987893135
281,1.0688245724770506,-0.0008104124999042117
282,1.0703735790119913,-9.343636975245317e-13
283,1.0698290258952026,-0.0005087505226828437
284,1.0706591563727763,-9.341416529196067e-13
285,1.071086263880353,-9.336975637097567e-13
286,1.0690788765659425,-0.0018741602643063127
287,1.0715758755594096,-9.332534744999066e-13
288,1.06955894297206,-0.0018822116420779134
289,1.067859912126024,-0.00346775577832259
290,1.0673712041101215,-0.0039238205582867725
291,1.067086082348479,-0.004189897621185934
292,1.0669936508875653,-0.004276155125690906
293,1.0657380953291964,-0.005447845891603631
294,1.068835940938901,-0.002556920778079119
295,1.0695027148767915,-0.0019346839835620022
296,1.0686120039327216,-0.0027658999192549105
297,1.0670558866415094,-0.004218076406895976
298,1.068051833904479,-0.0032886534087822605
299,1.0683460622761205,-0.003014078011601473
300,1.0649803021025683,-0.006155022344443872
301,1.0636152969714534,-0.007428852002470676
302,1.065448355771152,-0.005718232305344739
303,1.0652695295374937,-0.005885113846574752
304,1.0654153136524045,-0.0057490673768512135
305,1.0669661903301781,-0.004301781456045539
306,1.0687283347822274,-0.002657339385037094
307,1.0677783871176816,-0.003543835326399125
308,1.0665908816892578,-0.004652021368570791
309,1.0696032942464104,-0.0018408228096471468
310,1.0694787784590665,-0.0019570215690479786
311,1.0695405470718007,-0.0018993787887811031
312,1.070459244351407,-0.0010420458639186503
313,1.070504664906228,-0.0009996591735713656
314,1.074464098080623,-9.308109838457312e-13
315,1.0727603064957254,-0.001585712904637493
316,1.07312033798811,-0.0012506328465625716
317,1.0725272446803578,-0.0018026227258067795
318,1.0736123935032607,-0.0007926784895680994
319,1.072395785312452,-0.0019249715024113323
320,1.069498625867869,-0.004621347723595126
321,1.0693719990989885,-0.004739198817090506
322,1.0733207110204703,-0.001064146362074081
323,1.0720509808691165,-0.0022458797988830215
324,1.0723259424293083,-0.0019899740308980673
325,1.0735349141140436,-0.000864788287704088
326,1.0756858385625645,-9.29700760821106e-13
327,1.0755742785024103,-0.00010371063479208686
328,1.074720222189201,-0.000897675082952798
329,1.072975716266777,-0.0025194366232491605
330,1.0791259378800464,-9.267031586546182e-13
331,1.079261933332128,-9.265921363521556e-13
332,1.0790942686625389,-0.00015535123162502273
333,1.0762130372422198,-0.0028249825151270835
334,1.0724922221639055,-0.0062725377039061225
335,1.0648124809860435,-0.013388272022584746
336,1.063599207481226,-0.014512441667918763
337,1.0638230490397576,-0.014305039227771155
338,1.0655613053170052,-0.012694442000572348
339,1.0652857030814988,-0.012949803768642076
340,1.063035199851969,-0.015035028087246216
341,1.0669397847030424,-0.011417199337357076
342,1.0656616977230662,-0.012601422499966985
343,1.0676137991785284,-0.010792685070088903
344,1.0674303469457975,-0.010962664411585998
345,1.0673953434999686,-0.010995097173965518
346,1.0672628555665675,-0.01111785507851959
347,1.0659089226703309,-0.012372353967454952
348,1.0665264003369246,-0.011800224396752212
349,1.0663943767024726,-0.011922552100875228
350,1.065415671496017,-0.012829380347316732
351,1.0641023376909582,-0.014046261777576063
352,1.065166302315962,-0.013060435638301393
353,1.0649922886944032,-0.013221669548424964
354,1.0659681895905317,-0.012317439661325591
355,1.0660276840776033,-0.012262314501033988
356,1.0649089696545893,-0.01329886956562254
357,1.067222404971664,-0.01115533494661658
358,1.0680148257115667,-0.010421110273783674
359,1.069125420969346,-0.009392078095886491
360,1.0685664426355337,-0.009910004575592768
361,1.0650812524825253,-0.013139239338135544
362,1.0692600802402512,-0.009267308318739453
363,1.067741493139757,-0.010674369064228917
364,1.0718660066067136,-0.006852763446935861
365,1.071945225685515,-0.006779362286054691
366,1.0720677982299942,-0.006665791575652058
367,1.0729270935070931,-0.0058696036896908055
368,1.0727113931882777,-0.006069462789834668
369,1.075268476870562,-0.003700173553080832
370,1.0748462936875347,-0.004091351236633067
371,1.0733314675775836,-0.005494927201990074
372,1.0752961102499956,-0.003674569593022481
373,1.0742553092314875,-0.004638933281171598
374,1.0748491260943192,-0.004088726844261759
375,1.0749102370808472,-0.004032103901637107
376,1.0758964495966183,-0.003118319689193516
377,1.076848580598716,-0.0022361140144717684
378,1.0771437478695154,-0.0019626240842860465
379,1.0728950852335646,-0.005899261247823806
380,1.0694563855527093,-0.009085419838848585
381,1.0705868848854099,-0.00803794535857183
382,1.0707742568857486,-0.007864334120602945
383,1.0700535472832844,-0.008532114184186201
384,1.0707875196453625,-0.007852045389568962
385,1.0735717493914303,-0.0052722918931501495
386,1.07440824168094,-0.0044972323235734635
387,1.0735024917331046,-0.0053364632089231145
388,1.071990653056896,-0.006737271140265344
389,1.0742417405183957,-0.004651505496194419
390,1.0729882526677743,-0.005812936110864753
391,1.075418767406425,-0.003560920484644625
392,1.0752102762753317,-0.003754099846071224
393,1.0738029192750156,-0.005058099326502918
394,1.0763636349290013,-0.0026854448532024344
395,1.0764775570922334,-0.0025798892325384903
396,1.0772759295814458,-0.001840149912031852
397,1.0760369901242517,-0.0029881005799182736
398,1.0763812813800289,-0.002669094372858005
399,1.0748879742992083,-0.0040527316852652095
400,1.072275906678653,-0.006472966792129831
401,1.0747102579790406,-0.004217396364597392
402,1.074666100201161,-0.0042583111569344245
403,1.0748646712224055,-0.0040743233638773635
404,1.078341758324474,-0.0008525965571788419
405,1.0805195630326918,-9.25592935629993e-13
406,1.0789043815824093,-0.0014948192578279063
407,1.0787207883448093,-0.001664731255612173
408,1.079368362130648,-0.0010654142159275404
409,1.0808519745007297,-9.252598687226055e-13
410,1.0808406458113011,-1.0481259872685555e-05
411,1.079962530300687,-0.0008229102800619836
412,1.0788617632399873,-0.0018413356395633462
413,1.0786432120732568,-0.0020435383203063484
414,1.0787698064791422,-0.001926413673387084
415,1.0796863631626423,-0.0010784190310840769
416,1.0787548292890183,-0.0019402705108423346
417,1.0781450678532805,-0.002504419395354507
418,1.0798690519953387,-0.0009093960408816937
419,1.081299991889204,-9.24926801815218e-13
420,1.081358551119639,-9.248157795127554e-13
421,1.0815919944380086,-9.245937349078304e-13
422,1.0830048009551785,-9.234835118832052e-13
423,1.0846051624497437,-9.220402219511925e-13
424,1.0830294513805525,-0.0014527969483667524
425,1.0825789849505418,-0.001868124521575809
426,1.0829206360561816,-0.0015531240795091383
427,1.0827101413898923,-0.0017471990051840525
428,1.081788557573862,-0.00259689421956788
429,1.0815430227995795,-0.002823275932271274
430,1.0799453567719157,-0.004296315230787662
431,1.079898166508734,-0.004339824394136271
432,1.079471562896003,-0.004733150580936818
433,1.081848221667428,-0.002541884253147386
434,1.0815044639144589,-0.002858827012475862
435,1.0805473686358922,-0.003741263600186784
436,1.081696715594557,-0.002681572019826106
437,1.0842062974924995,-0.00036775129978450227
438,1.0845379585451411,-6.196163168803448e-05
439,1.0830877436798814,-0.0013990517686950366
440,1.0902877227526104,-9.172662629453043e-13
441,1.0893439062320174,-0.0008656582128701018
442,1.087182323789115,-0.0028482380381690264
443,1.0868293443802273,-0.003171986899612955
444,1.0881503714584846,-0.0019603552810150138
445,1.0872937327528562,-0.002746054952533772
446,1.0920140822827091,-9.158229730132916e-13
447,1.0942419652631297,-9.139355938714289e-13
448,1.0932453794621708,-0.0009107545073162582
449,1.0928456525212702,-0.0012760548280768003
450,1.0929328008685377,-0.001196412162163818
451,1.0944911233652335,-9.137135492665038e-13
452,1.0923047289877252,-0.0019976355511991395
453,1.0900069250987803,-0.004097062252694794
454,1.0920244647288933,-0.002253703647914329
455,1.092025003429976,-0.0022532114547193505
456,1.0921530965837607,-0.0021361770164768368
457,1.0919493128400322,-0.002322367419832272
458,1.0932346801395254,-0.0011479702300771777
459,1.093561139140073,-0.0008496955400608686
460,1.0926782749010788,-0.0016563391209415412
461,1.089839793728417,-0.004249764606140349
462,1.0926465893515092,-0.0016852891497660671
463,1.0928190721996618,-0.0015276973297226881
464,1.0921626153806,-0.0021274800095882895
465,1.091759125273435,-0.0024961354500490085
466,1.0923942460252052,-0.0019158468225664027
467,1.0949234049354526,-9.133804823591163e-13
468,1.094170645766142,-0.0006874993875525259
469,1.0895322827536305,-0.004923743668750147
470,1.0898114455558432,-0.004668782635901536
471,1.0890511153862164,-0.00536319666175844
472,1.0881076862555819,-0.006224836048021487
473,1.0871183914213594,-0.007128364851737068
474,1.0893565867728796,-0.005084207843649269
475,1.0895445731006506,-0.004912518822368539
476,1.0863805612695747,-0.007802229478667266
477,1.0934298034732337,-0.0013641150207266417
478,1.0949858343330718,-9.133804823591163e-13
479,1.0944664875660906,-0.00047429542163646143
480,1.0916317347090696,-0.003063144307288823
481,1.097007097753351,-9.11604125519716e-13
482,1.097157235038812,-9.114931032172535e-13
483,1.0957511025219544,-0.0012816144058026557
484,1.094225549471805,-0.0026720742245305296
485,1.0918519518633643,-0.00483548119359134
486,1.0945418983006527,-0.002383739226824999
487,1.0945861415831386,-0.002343413846767506
488,1.0917474533496214,-0.004930725986594164
489,1.0927514354712282,-0.004015650107273783
490,1.09315603773762,-0.003646876832605339
491,1.0932416107653686,-0.003568881605471308
492,1.0923832873165469,-0.0043511974134609055
493,1.095484377457672,-0.0015247200024883778
494,1.094676017227983,-0.002261497014818481
495,1.0960772093174007,-0.0009843855446772798
496,1.0961962371270182,-0.0008758980774153935
497,1.0952956701181893,-0.0016967166256304234
498,1.0931069527652753,-0.0036916151534012176
499,1.0919748063387302,-0.004723505925651295
500,1.0929474059819,-0.003837033492979036
501,1.093008273932984,-0.003781555618759924
502,1.0939696708853366,-0.0029052938381797233
503,1.093534633429715,-0.003301807156169012
504,1.094554637637661,-0.0023721280041111292
505,1.0943601189291732,-0.002549421378547745
506,1.0943693625635358,-0.002540996301387044
507,1.093335761159874,-0.003483068568380099
508,1.0943273432478737,-0.0025792946549139106
509,1.0962017271006792,-0.0008708942607466019
510,1.0950410658495464,-0.0019287747668991218
511,1.0971899027340555,-9.114931032172535e-13
512,1.0987684968621017,-9.101608355877033e-13
513,1.0991467528560341,-9.098277686803158e-13
514,1.0976133728086508,-0.0013950639843112178
515,1.0989728023167806,-0.0001582596134697134
516,1.101839624819705,-9.076073226310655e-13
517,1.101186841605021,-0.0005924484843158329
518,1.09622847073121,-0.005092532491203783
519,1.096517191150787,-0.004830497606023498
520,1.0977159092676714,-0.0037425732930097544
521,1.0976436209958618,-0.0038081801836871154
522,1.1011534640693197,-0.0006227410377414033
523,1.1047992842429584,-9.052758542793526e-13
524,1.1099689155661565,-9.01057006785777e-13
525,1.1058033391790025,-0.00375287661639212
526,1.1060440972931938,-0.0035359713402041137
527,1.103962353082329,-0.005411469096644361
528,1.1029229683355235,-0.006347877974612337
529,1.1035876079052762,-0.00574908681890407
530,1.1019409778439802,-0.0072325788682779946
531,1.0972323639019619,-0.011474692206751347
532,1.0966980593416222,-0.011956061146769503
533,1.096008694973615,-0.012577127519294962
534,1.096073359837117,-0.012518869254045217
535,1.0981673229603235,-0.010632363160190783
536,1.0986263013788107,-0.010218857509671997
537,1.1008813861918996,-0.008187192675223387
538,1.0987177007938347,-0.01013651338837085
539,1.100983995345376,-0.008094749407635105
540,1.1001645118543097,-0.008833043498193027
541,1.1016254655447697,-0.007516832143108831
542,1.0999072316282037,-0.009064833976735076
543,1.0973543765214062,-0.01136476784965168
544,1.1157406411569974,-8.963940700823514e-13
545,1.1163200981211332,-8.958389585700388e-13
546,1.1152034504194666,-0.0010002934682848963
547,1.1208221235305944,-8.922862448912383e-13
548,1.11880839317637,-0.0017966547170567004
549,1.1165052332055874,-0.0038515391830463708
550,1.1157532384837,-0.004522470552172031
551,1.1151686970013353,-0.005043999767283203
552,1.1151838018802807,-0.005030523160577949
553,1.1173435555465832,-0.0031035861194912417
554,1.1176011517788165,-0.0028737581862045003
555,1.1182345137090977,-0.002308671258507644
556,1.1161912793656856,-0.004131649499670487
557,1.1149578634116504,-0.005232105966526124
558,1.1157557999451757,-0.004520185210526773
559,1.1159151415950352,-0.004378020234912849
560,1.1152874040617544,-0.004938089063053819
561,1.1155742765901189,-0.004682140753021757
562,1.11796495683016,-0.00254917050747705
563,1.1181600776865752,-0.002375083243924103
564,1.122645673551947,-8.908429549592256e-13
565,1.122279509659388,-0.00032616158613985036
566,1.1261144135150474,-8.880673973976627e-13
567,1.1242480281061908,-0.0016573674818965989
568,1.131594059922514,-8.837375276016246e-13
569,1.13050712432423,-0.000960534910688482
570,1.1283280556680224,-0.0028861977728236177
571,1.1289112919443856,-0.0023707865515925075
572,1.1272221066274142,-0.0038635350351657882
573,1.127904056544854,-0.0032608896682522204
574,1.1288497262480823,-0.0024251927193903455
575,1.1283964897575527,-0.002825721943236048
576,1.1263049916311818,-0.004673997928806628
577,1.1220365013186195,-0.008446101781004911
578,1.1253955489609409,-0.005477680717935418
579,1.124759451880536,-0.006039805514214347
580,1.126335697627822,-0.004646862759289827
581,1.125659270243703,-0.0052446278130978685
582,1.130378026972378,-0.0010746194189269476
583,1.1307716089888502,-0.000726807398334639
584,1.1315048777125218,-7.881113391350336e-05
585,1.1343660619421254,-8.816281038548368e-13
586,1.1356554520823419,-8.806289031326742e-13
587,1.134241956055845,-0.0012446521741289462
588,1.1335544174960286,-0.0018500634003553174
589,1.131668485772557,-0.0035107182407049242
590,1.1238822426400252,-0.010366884975296808
591,1.1208403416538268,-0.013045427116417208
592,1.1218336256752917,-0.012170792103092909
593,1.122162518411386,-0.011881186012186573
594,1.1224605800026142,-0.011618728247658194
595,1.1222181793388804,-0.011832173851506811
596,1.1223812524142018,-0.011688580057260145
597,1.1245973658546013,-0.009737184115529707
598,1.1239178714442153,-0.010335512075950737
599,1.1242047562047532,-0.01008289605582624
600,1.1260817139434258,-0.008430143246662802
601,1.1253819010281403,-0.009046362641375927
602,1.121417260418134,-0.012537422013946364
603,1.120157265540331,-0.013646908941070013
604,1.1188215436113078,-0.014823077229235815
605,1.117822125803504,-0.015703113340514552
606,1.1168044804042847,-0.016599199734809944
607,1.117207773171778,-0.016244080788519022
608,1.1182650863501924,-0.015313064980445601
609,1.1180339059360929,-0.015516630607392945
610,1.1178147294240885,-0.01570962621323646
611,1.1159888499463952,-0.017317402123037118
612,1.1195030543368027,-0.014222973805046113
613,1.118469109500763,-0.015133412648220768
614,1.1172649019325485,-0.01619377612906825
615,1.1184991873791732,-0.01510692760968646
616,1.1181838224577316,-0.01538462180017619
617,1.1206365629485162,-0.013224864202671549
618,1.1214065892471308,-0.012546818500339896
619,1.1285623109227978,-0.006245856652677406
620,1.1262263409071163,-0.008302792153137784
621,1.1221882253210067,-0.01185854982479928
622,1.1212791818492982,-0.012659006926502903
623,1.1191213577458776,-0.01455907626484143
624,1.1204314685066998,-0.013405459859074265
625,1.121536627477441,-0.012432313497901304
626,1.1234714561451866,-0.010728602513908614
627,1.1235201799698027,-0.01068569881056558
628,1.1256078677491095,-0.008847387925449035
629,1.1242898974337117,-0.01000792505225101
630,1.1273982181656186,-0.007270897086414374
631,1.128984744801911,-0.005873883024286708
632,1.1286244332949578,-0.006191154874910287
633,1.1324632503390437,-0.0028108892872765745
634,1.132143040014908,-0.0030928500910998302
635,1.1320749011010014,-0.0031528497272408362
636,1.1278035379603923,-0.006913993243765404
637,1.1273926752936438,-0.0072757778554579655
638,1.1258031261233037,-0.008675453406193134
639,1.1252739442703,-0.009141423830614559
640,1.1263054882484398,-0.00823309905988634
641,1.125334656936729,-0.009087963367480523
642,1.1258792551314636,-0.008608418102465931
643,1.1318000560538957,-0.003394864192633129
644,1.130774377499345,-0.004298024171893511
645,1.1308657761386658,-0.004217543213383634
646,1.128914912055977,-0.005935374162118978
647,1.1334183996965868,-0.001969833704977497
648,1.1353203025996554,-0.0002951154622395924
649,1.133764500702087,-0.0016650748937858673
650,1.1330774501179768,-0.0022700564336092244
651,1.1319168837295548,-0.0032919917277099975
652,1.1355166420010632,-0.00012222904581149496
653,1.13518164908225,-0.0004172066450460754
654,1.1349826454782315,-0.0005924390217791897
655,1.133016366321373,-0.0023238436949583052
656,1.128479508761404,-0.0063187679932095175
657,1.126938354892648,-0.007675829121149946
658,1.1287593424602957,-0.006072360776673391
659,1.127882142303625,-0.006844778286809627
660,1.12928427316368,-0.005610133696777542
661,1.1319433643868912,-0.003268674217731249
662,1.1319492895501295,-0.00326345682258955
663,1.1342898254339637,-0.0012025008525895498
664,1.133324914094159,-0.0020521523362632133
665,1.1376599409397588,-8.790745908981989e-13
666,1.1358374890336993,-0.0016019302794053614
667,1.142629769749174,-8.752998326144734e-13
668,1.1427204150746137,-8.751888103120109e-13
669,1.140280533288979,-0.002135152006077945
670,1.1496161177524544,-8.699707620962727e-13
671,1.1489299261229806,-0.0005968876217696817
672,1.1558714245659052,-8.651968030903845e-13
673,1.1555555259341448,-0.0002732991109966054
674,1.150693855783998,-0.004479363943828973
675,1.1501067554018465,-0.004987292740815663
676,1.146770829509899,-0.007873362783768267
677,1.1453761200779635,-0.009079993038909384
678,1.1466561515404958,-0.007972576214402283
679,1.1446976180213555,-0.009666997823513546
680,1.1440601603024116,-0.010218493176193166
681,1.142935862368902,-0.011191177429487942
682,1.1401664392379782,-0.013587138668828658
683,1.1405327075872247,-0.013270262291870227
684,1.1395604894394982,-0.014111375003079352
685,1.1341050847057252,-0.018831108199889646
686,1.1367586899976012,-0.016535346547273178
687,1.1364394124759374,-0.01681156889768154
688,1.141656998520826,-0.012297584094533076
689,1.140201857423501,-0.013556496691901065
690,1.149554713925187,-0.005464890391321142
691,1.1546223163005658,-0.0010806636791869106
692,1.154140079358506,-0.001497870067207585
693,1.155710038123017,-0.00013962317992999296
694,1.1507892783790976,-0.0043968092642413525
695,1.1577293251812888,-8.638645354608343e-13
696,1.1574687708873035,-0.00022505631438884954
697,1.1549008261281783,-0.0024431436542088347
698,1.1551135745798005,-0.0022593801034421768
699,1.1563337890457988,-0.0012054079534267181
700,1.1548322533667499,-0.002502374045922018
701,1.1598473240964886,-8.623102232263591e-13
702,1.1580819657562835,-0.00152206096830787
703,1.15637927624821,-0.0029900899689339067
704,1.1571863670095726,-0.00229423048416022
705,1.1559075886643861,-0.0033967707225329713
706,1.1566799009685558,-0.0027308966129637735
707,1.155953303908994,-0.003357355841230869
708,1.1563028917432536,-0.0030559473480642474
709,1.1573933148281992,-0.0021158037082157355
710,1.1565937894309715,-0.0028051404688533843
711,1.1597269102342853,-0.00010381871881037785
712,1.1599905453340664,-8.621992009238966e-13
713,1.159333708641132,-0.0005662431444601879
714,1.1572656684112497,-0.002349050976988565
715,1.1572833542648284,-0.002333804427221531
716,1.154214982734821,-0.004978973857564739
717,1.1513784074134394,-0.007424317341430897
718,1.1531337361614442,-0.005911090569830191
719,1.152463060085048,-0.006489264313653598
720,1.1518357970278352,-0.007030012735901869
721,1.1530159308553882,-0.0060126476959031505
722,1.1529097379788809,-0.006104194025254195
723,1.1571143934612556,-0.0024794614795590197
724,1.1571178443125003,-0.0024764865835491534
725,1.161007569003771,-8.61422044806659e-13
726,1.1592150693252314,-0.0015439173071680745
727,1.1589768685507038,-0.0017490845953811451
728,1.159702918041801,-0.0011237230469464121
729,1.159232594234796,-0.001528822737560942
730,1.1592366325368282,-0.0015253444639132807
731,1.1585406674401193,-0.002124793696880345
732,1.158577051610769,-0.002093455252910603
733,1.1599277257547926,-0.0009300914815775219
734,1.1576729425007972,-0.00287218325960803
735,1.1604841723404857,-0.00045081244796185693
736,1.1605765076192025,-0.0003712821492954932
737,1.161112010253901,-8.613110225041964e-13
738,1.1612193565485742,-8.612000002017339e-13
739,1.1658992276885294,-8.577583088253959e-13
740,1.1640794307813889,-0.0015608526576923465
741,1.173113029323116,-8.525402606096577e-13
742,1.1719639689763337,-0.000979496705824201
743,1.1719074144667074,-0.001027705623645847
744,1.1712520535911048,-0.001586356716269277
745,1.1688130141623618,-0.003665473875293812
746,1.1662046122407723,-0.0058889611748017545
747,1.1636316773202267,-0.00808221524003705
748,1.164834245816701,-0.007057106434309235
749,1.1656517237246384,-0.006360261469243511
750,1.1662224948848312,-0.005873717422825719
751,1.1652783504391562,-0.00667853709669719
752,1.1650571361711493,-0.0068671073899914115
753,1.1682058689019548,-0.004183024397051094
754,1.1675341400828154,-0.004755628061274608
755,1.1660684237343766,-0.006005052721815063
756,1.1667459014902424,-0.005427548475479882
757,1.1670190448051867,-0.005194712160379256
758,1.1682689300356057,-0.00412926901962829
759,1.1686451517702952,-0.0038085652807002823
760,1.1683148649340291,-0.004090112606499163
761,1.1678118188523046,-0.004518925576051047
762,1.1671002854107626,-0.005125460005177551
763,1.1684505698324723,-0.00397443330275693
764,1.166951708452887,-0.005252111874316845
765,1.1648006550706547,-0.007085740287319564
766,1.1642354004499806,-0.007567581854623362
767,1.1629606003946158,-0.008654263208848323
768,1.1632070810091002,-0.008444155053603963
769,1.1647887252601201,-0.007095909648869858
770,1.1641145983099426,-0.007670557558599356
771,1.1666321276721268,-0.005524533007465804
772,1.1699084264992903,-0.002731708492464846
773,1.167875853263526,-0.004464340544923839
774,1.1685654985422644,-0.003876464303249394
775,1.1673482596082185,-0.0049140786708496975
776,1.1674162942889876,-0.0048560836788340556
777,1.1654457416439843,-0.006535847346737955
778,1.1688320440561308,-0.0036492521700587366
779,1.1674083993438078,-0.004862813588896064
780,1.1672777089201558,-0.004974218389955376
781,1.1694074895671633,-0.003158723553763343
782,1.169034061774679,-0.0034770456447722475
783,1.1695947766566666,-0.0029990738995342436
784,1.1705724073835313,-0.002165709421920403
785,1.1713383747763693,-0.0015127737084033033
786,1.173137636347965,-8.525402606096577e-13
787,1.169886779207761,-0.0027710790622330617
788,1.1730091211725024,-0.00010954825118614231
789,1.1726585942089174,-0.0004083426575066662
790,1.1731103059487662,-2.329684032986723e-05
791,1.1721762760375118,-0.0008194778529527769
792,1.173632350953298,-8.520961713998076e-13
793,1.1769113888099705,-8.497647030480948e-13
794,1.1770150015383236,-8.496536807456323e-13
